<?xml version="1.0" encoding="UTF-8"?>
<metadata xml:lang="en"><Esri><CreaDate>20150504</CreaDate><CreaTime>15113700</CreaTime><ArcGISFormat>1.0</ArcGISFormat><SyncOnce>TRUE</SyncOnce><DataProperties><itemProps><itemLocation><linkage Sync="TRUE">file://\\cisnexenta01.dur.ac.uk\share_geog\Research\RJH\kjmd96\Nepal_EQ_Database\Landslides\Shapefiles\ValleyRisk_NJR</linkage><protocol Sync="TRUE">Local Area Network</protocol></itemLocation></itemProps><copyHistory><copy source="V:\Nepal_EQ_Database\Landslides\NJR\ValleyRisk_NJR" dest="\\cisnexenta01.dur.ac.uk\share_geog\Research\RJH\kjmd96\Nepal_EQ_Database\Landslides\Shapefiles\ValleyRisk_NJR" date="20150504" time="15113700"></copy></copyHistory></DataProperties></Esri></metadata>
